Entity,Code,Year,month,dates,Total_Meat_Consumption
Argentina,ARG,1961,January,January-1961,2123958510
Argentina,ARG,1962,January,January-1962,2179605120
Argentina,ARG,1963,January,January-1963,2209498980
Argentina,ARG,1964,January,January-1964,1812919679.9999998
Argentina,ARG,1965,January,January-1965,1987530400
Argentina,ARG,1966,January,January-1966,2236128540
Argentina,ARG,1967,January,January-1967,2329471159.9999995
Argentina,ARG,1968,January,January-1968,2462295040
Argentina,ARG,1969,January,January-1969,2639660320
Argentina,ARG,1970,January,January-1970,2513475249.9999995
Argentina,ARG,1971,January,January-1971,2155015800
Argentina,ARG,1972,January,January-1972,2039789220.0000002
Argentina,ARG,1973,January,January-1973,2183630400
Argentina,ARG,1974,January,January-1974,2493493660
Argentina,ARG,1975,January,January-1975,2816290080
Argentina,ARG,1976,January,January-1976,2889150000
Argentina,ARG,1977,January,January-1977,2910048150
Argentina,ARG,1978,January,January-1978,3027314070.0000005
Argentina,ARG,1979,January,January-1979,3000932040
Argentina,ARG,1980,January,January-1980,3088755840.0000005
Argentina,ARG,1981,January,January-1981,3108788300
Argentina,ARG,1982,January,January-1982,2719687750
Argentina,ARG,1983,January,January-1983,2660208420
Argentina,ARG,1984,January,January-1984,2859509919.9999995
Argentina,ARG,1985,January,January-1985,3163917360
Argentina,ARG,1986,January,January-1986,2944955070
Argentina,ARG,1987,January,January-1987,3029213760
Argentina,ARG,1988,January,January-1988,2831208600.0000005
Argentina,ARG,1989,January,January-1989,2750261400
Argentina,ARG,1990,January,January-1990,2731841249.9999995
Argentina,ARG,1991,January,January-1991,2878865370
Argentina,ARG,1992,January,January-1992,3029680440
Argentina,ARG,1993,January,January-1993,3348422900.0000005
Argentina,ARG,1994,January,January-1994,3342939510
Argentina,ARG,1995,January,January-1995,3165168640.0000005
Argentina,ARG,1996,January,January-1996,3093893880.0000005
Argentina,ARG,1997,January,January-1997,3180960970
Argentina,ARG,1998,January,January-1998,3362874750
Argentina,ARG,1999,January,January-1999,3641959290
Argentina,ARG,2000,January,January-2000,3641379959.9999995
Argentina,ARG,2001,January,January-2001,3510653680.0000005
Argentina,ARG,2002,January,January-2002,3002124940
Argentina,ARG,2003,January,January-2003,3178443599.9999995
Argentina,ARG,2004,January,January-2004,3358811920
Argentina,ARG,2005,January,January-2005,3492202470.0000005
Argentina,ARG,2006,January,January-2006,3685009100.0000005
Argentina,ARG,2007,January,January-2007,3767598960
Argentina,ARG,2008,January,January-2008,3900585599.9999995
Argentina,ARG,2009,January,January-2009,4034130950
Argentina,ARG,2010,January,January-2010,4117818240
Argentina,ARG,2011,January,January-2011,4352648800
Argentina,ARG,2012,January,January-2012,4437303850
Argentina,ARG,2013,January,January-2013,4525521000
Argentina,ARG,2014,January,January-2014,4411753860
Argentina,ARG,2015,January,January-2015,4692590499.999999
Argentina,ARG,2016,January,January-2016,4706695440
Argentina,ARG,2017,January,January-2017,4805829060
Australia,AUS,1961,January,January-1961,1096307700
Australia,AUS,1962,January,January-1962,1196486060
Australia,AUS,1963,January,January-1963,1220713200
Australia,AUS,1964,January,January-1964,1259639599.9999998
Australia,AUS,1965,January,January-1965,1245561300
Australia,AUS,1966,January,January-1966,1227003120
Australia,AUS,1967,January,January-1967,1207017000
Australia,AUS,1968,January,January-1968,1274373120
Australia,AUS,1969,January,January-1969,1363694670
Australia,AUS,1970,January,January-1970,1343137070
Australia,AUS,1971,January,January-1971,1457480390
Australia,AUS,1972,January,January-1972,1540012320
Australia,AUS,1973,January,January-1973,1487593999.9999998
Australia,AUS,1974,January,January-1974,1289304559.9999998
Australia,AUS,1975,January,January-1975,1723415490.0000002
Australia,AUS,1976,January,January-1976,1808335359.9999998
Australia,AUS,1977,January,January-1977,1774872419.9999998
Australia,AUS,1978,January,January-1978,1853937389.9999998
Australia,AUS,1979,January,January-1979,1635443110
Australia,AUS,1980,January,January-1980,1614308080
Australia,AUS,1981,January,January-1981,1618968120.0000002
Australia,AUS,1982,January,January-1982,1687084770.0000002
Australia,AUS,1983,January,January-1983,1630727400
Australia,AUS,1984,January,January-1984,1653191370
Australia,AUS,1985,January,January-1985,1757187520
Australia,AUS,1986,January,January-1986,1782656820
Australia,AUS,1987,January,January-1987,1814276130
Australia,AUS,1988,January,January-1988,1817287920
Australia,AUS,1989,January,January-1989,1869795180
Australia,AUS,1990,January,January-1990,1954755250.0000002
Australia,AUS,1991,January,January-1991,1927230680
Australia,AUS,1992,January,January-1992,1951460280.0000002
Australia,AUS,1993,January,January-1993,1950588430
Australia,AUS,1994,January,January-1994,1987970310.0000002
Australia,AUS,1995,January,January-1995,1957098610
Australia,AUS,1996,January,January-1996,1957682070
Australia,AUS,1997,January,January-1997,1946999430
Australia,AUS,1998,January,January-1998,2057766770.0000002
Australia,AUS,1999,January,January-1999,2073631559.9999998
Australia,AUS,2000,January,January-2000,2109140460
Australia,AUS,2001,January,January-2001,2110682199.9999998
Australia,AUS,2002,January,January-2002,2148078720.0000005
Australia,AUS,2003,January,January-2003,2313277120
Australia,AUS,2004,January,January-2004,2141871200.0000002
Australia,AUS,2005,January,January-2005,2366593120
Australia,AUS,2006,January,January-2006,2294806800
Australia,AUS,2007,January,January-2007,2553843600.0000005
Australia,AUS,2008,January,January-2008,2397290160
Australia,AUS,2009,January,January-2009,2442202279.9999995
Australia,AUS,2010,January,January-2010,2480252250
Australia,AUS,2011,January,January-2011,2729577180
Australia,AUS,2012,January,January-2012,2687326320
Australia,AUS,2013,January,January-2013,2702696100
Australia,AUS,2014,January,January-2014,2819014120
Australia,AUS,2015,January,January-2015,2949619000
Australia,AUS,2016,January,January-2016,2985319520
Australia,AUS,2017,January,January-2017,2989536000
Brazil,BRA,1961,January,January-1961,2043552500
Brazil,BRA,1962,January,January-1962,2102604720
Brazil,BRA,1963,January,January-1963,2135536029.9999998
Brazil,BRA,1964,January,January-1964,2214695799.9999995
Brazil,BRA,1965,January,January-1965,2300288659.9999995
Brazil,BRA,1966,January,January-1966,2365237200
Brazil,BRA,1967,January,January-1967,2469409799.9999995
Brazil,BRA,1968,January,January-1968,2671839720
Brazil,BRA,1969,January,January-1969,2800959400.0000005
Brazil,BRA,1970,January,January-1970,2897141980
Brazil,BRA,1971,January,January-1971,2855277070
Brazil,BRA,1972,January,January-1972,3101620540
Brazil,BRA,1973,January,January-1973,3271265410
Brazil,BRA,1974,January,January-1974,3278344860
Brazil,BRA,1975,January,January-1975,3423406879.9999995
Brazil,BRA,1976,January,January-1976,3643963289.9999995
Brazil,BRA,1977,January,January-1977,3799965000.0000005
Brazil,BRA,1978,January,January-1978,4230696750
Brazil,BRA,1979,January,January-1979,4600778339.999999
Brazil,BRA,1980,January,January-1980,4948454000
Brazil,BRA,1981,January,January-1981,4972456800
Brazil,BRA,1982,January,January-1982,4899267540.000001
Brazil,BRA,1983,January,January-1983,5027799160
Brazil,BRA,1984,January,January-1984,4865112000
Brazil,BRA,1985,January,January-1985,5107946240
Brazil,BRA,1986,January,January-1986,6068509108.48
Brazil,BRA,1987,January,January-1987,6259831560
Brazil,BRA,1988,January,January-1988,6437406960.000001
Brazil,BRA,1989,January,January-1989,7127636880.000001
Brazil,BRA,1990,January,January-1990,7360748595.2
Brazil,BRA,1991,January,January-1991,7982750720
Brazil,BRA,1992,January,January-1992,8280623549.44
Brazil,BRA,1993,January,January-1993,8673749257.6
Brazil,BRA,1994,January,January-1994,9655261995.519999
Brazil,BRA,1995,January,January-1995,11182620400
Brazil,BRA,1996,January,January-1996,11564204312
Brazil,BRA,1997,January,January-1997,12027342794.560001
Brazil,BRA,1998,January,January-1998,12261872122.24
Brazil,BRA,1999,January,January-1999,13170341781.44
Brazil,BRA,2000,January,January-2000,13804914199.999998
Brazil,BRA,2001,January,January-2001,13534230480.000002
Brazil,BRA,2002,January,January-2002,14127845220
Brazil,BRA,2003,January,January-2003,14484722392.64
Brazil,BRA,2004,January,January-2004,14943127259.999998
Brazil,BRA,2005,January,January-2005,13870184636.16
Brazil,BRA,2006,January,January-2006,14658209923.2
Brazil,BRA,2007,January,January-2007,15313070199.999998
Brazil,BRA,2008,January,January-2008,16551065699.999996
Brazil,BRA,2009,January,January-2009,16523050821.76
Brazil,BRA,2010,January,January-2010,17508574440
Brazil,BRA,2011,January,January-2011,18364945443.84
Brazil,BRA,2012,January,January-2012,18639313858.24
Brazil,BRA,2013,January,January-2013,19617092880
Brazil,BRA,2014,January,January-2014,19514007360
Brazil,BRA,2015,January,January-2015,20013719360
Brazil,BRA,2016,January,January-2016,20051414158.079994
Brazil,BRA,2017,January,January-2017,20750146560
Canada,CAN,1961,January,January-1961,1433739420.0000002
Canada,CAN,1962,January,January-1962,1459120620
Canada,CAN,1963,January,January-1963,1536277300
Canada,CAN,1964,January,January-1964,1647432120.0000002
Canada,CAN,1965,January,January-1965,1688008000
Canada,CAN,1966,January,January-1966,1738311520.0000002
Canada,CAN,1967,January,January-1967,1862379750
Canada,CAN,1968,January,January-1968,1891762500
Canada,CAN,1969,January,January-1969,1920002999.9999998
Canada,CAN,1970,January,January-1970,2021766660
Canada,CAN,1971,January,January-1971,2097138419.9999998
Canada,CAN,1972,January,January-1972,2118691280.0000002
Canada,CAN,1973,January,January-1973,2106337550
Canada,CAN,1974,January,January-1974,2177929500
Canada,CAN,1975,January,January-1975,2204440400
Canada,CAN,1976,January,January-1976,2348578800
Canada,CAN,1977,January,January-1977,2321095140
Canada,CAN,1978,January,January-1978,2302479660
Canada,CAN,1979,January,January-1979,2299643980
Canada,CAN,1980,January,January-1980,2387494260
Canada,CAN,1981,January,January-1981,2406610080
Canada,CAN,1982,January,January-1982,2370105040
Canada,CAN,1983,January,January-1983,2407857860.0000005
Canada,CAN,1984,January,January-1984,2396155650
Canada,CAN,1985,January,January-1985,2483105249.9999995
Canada,CAN,1986,January,January-1986,2502513720
Canada,CAN,1987,January,January-1987,2505848400.0000005
Canada,CAN,1988,January,January-1988,2579005260
Canada,CAN,1989,January,January-1989,2551292730
Canada,CAN,1990,January,January-1990,2532670360
Canada,CAN,1991,January,January-1991,2537899000
Canada,CAN,1992,January,January-1992,2616647040
Canada,CAN,1993,January,January-1993,2609572680.0000005
Canada,CAN,1994,January,January-1994,2740063340
Canada,CAN,1995,January,January-1995,2733541720
Canada,CAN,1996,January,January-1996,2705717300.0000005
Canada,CAN,1997,January,January-1997,2761247280
Canada,CAN,1998,January,January-1998,2943657100.0000005
Canada,CAN,1999,January,January-1999,3092421150
Canada,CAN,2000,January,January-2000,3097952640.0000005
Canada,CAN,2001,January,January-2001,3127526400
Canada,CAN,2002,January,January-2002,3141183500.0000005
Canada,CAN,2003,January,January-2003,3123294720
Canada,CAN,2004,January,January-2004,3172273650
Canada,CAN,2005,January,January-2005,3068123959.9999995
Canada,CAN,2006,January,January-2006,3107934240.0000005
Canada,CAN,2007,January,January-2007,3253253489.9999995
Canada,CAN,2008,January,January-2008,3212116300
Canada,CAN,2009,January,January-2009,3182247800
Canada,CAN,2010,January,January-2010,3142640439.9999995
Canada,CAN,2011,January,January-2011,3173788710
Canada,CAN,2012,January,January-2012,3229237340.0000005
Canada,CAN,2013,January,January-2013,3203555720
Canada,CAN,2014,January,January-2014,3186578400
Canada,CAN,2015,January,January-2015,3284941860.0000005
Canada,CAN,2016,January,January-2016,3049986890
Canada,CAN,2017,January,January-2017,3034430520.0000005
China,CHN,1961,January,January-1961,2234273569.92
China,CHN,1962,January,January-1962,2707948814.72
China,CHN,1963,January,January-1963,4318788629.76
China,CHN,1964,January,January-1964,5531471362.56
China,CHN,1965,January,January-1965,6271736609.280002
China,CHN,1966,January,January-1966,6793097030.400001
China,CHN,1967,January,January-1967,7214016184.320001
China,CHN,1968,January,January-1968,7142923322.880001
China,CHN,1969,January,January-1969,7012078060.799999
China,CHN,1970,January,January-1970,6951848601.6
China,CHN,1971,January,January-1971,7918930800
China,CHN,1972,January,January-1972,8738334460.800003
China,CHN,1973,January,January-1973,8814796270.72
China,CHN,1974,January,January-1974,8930201120.000002
China,CHN,1975,January,January-1975,9197573368.320002
China,CHN,1976,January,January-1976,9144044422.400002
China,CHN,1977,January,January-1977,9214911496.960001
China,CHN,1978,January,January-1978,10033155517.44
China,CHN,1979,January,January-1979,12139284526.080002
China,CHN,1980,January,January-1980,13611211616.640001
China,CHN,1981,January,January-1981,14226728884.480001
China,CHN,1982,January,January-1982,15151968142.08
China,CHN,1983,January,January-1983,15699010498.56
China,CHN,1984,January,January-1984,17110641757.440002
China,CHN,1985,January,January-1985,19360601855.999996
China,CHN,1986,January,January-1986,20454861818.88
China,CHN,1987,January,January-1987,22321899520
China,CHN,1988,January,January-1988,24734120455.680004
China,CHN,1989,January,January-1989,26097783029.760002
China,CHN,1990,January,January-1990,27903918881.280003
China,CHN,1991,January,January-1991,30323442350.08
China,CHN,1992,January,January-1992,33256956262.399998
China,CHN,1993,January,January-1993,36137924761.600006
China,CHN,1994,January,January-1994,39385239375.36
China,CHN,1995,January,January-1995,42600816556.799995
China,CHN,1996,January,January-1996,43269055413.76001
China,CHN,1997,January,January-1997,46794812866.560005
China,CHN,1998,January,January-1998,50764799704.31999
China,CHN,1999,January,January-1999,53067536481.28
China,CHN,2000,January,January-2000,56797151270.399994
China,CHN,2001,January,January-2001,56849928099.840004
China,CHN,2002,January,January-2002,58307902054.4
China,CHN,2003,January,January-2003,61332622535.68
China,CHN,2004,January,January-2004,61840995517.44
China,CHN,2005,January,January-2005,64476100300.8
China,CHN,2006,January,January-2006,66866911641.6
China,CHN,2007,January,January-2007,69237930536.95999
China,CHN,2008,January,January-2008,72700192279.04001
China,CHN,2009,January,January-2009,75395152239.36
China,CHN,2010,January,January-2010,77816905804.79999
China,CHN,2011,January,January-2011,78253914028.8
China,CHN,2012,January,January-2012,82526358858.24
China,CHN,2013,January,January-2013,84988376468.48
China,CHN,2014,January,January-2014,85128783900.16
China,CHN,2015,January,January-2015,85381605120
China,CHN,2016,January,January-2016,86030742620.15999
China,CHN,2017,January,January-2017,86099720071.68001
France,FRA,1961,January,January-1961,3561170989.9999995
France,FRA,1962,January,January-1962,3669534610
France,FRA,1963,January,January-1963,3735440940.0000005
France,FRA,1964,January,January-1964,3832073519.9999995
France,FRA,1965,January,January-1965,3958256400
France,FRA,1966,January,January-1966,3909100200.0000005
France,FRA,1967,January,January-1967,4049535559.9999995
France,FRA,1968,January,January-1968,4171584749.9999995
France,FRA,1969,January,January-1969,4304057540
France,FRA,1970,January,January-1970,4392101280
France,FRA,1971,January,January-1971,4500809110.000001
France,FRA,1972,January,January-1972,4573493640
France,FRA,1973,January,January-1973,4645452600
France,FRA,1974,January,January-1974,4721030690
France,FRA,1975,January,January-1975,4823677950
France,FRA,1976,January,January-1976,4958428090.000001
France,FRA,1977,January,January-1977,5045277380
France,FRA,1978,January,January-1978,5182031000.000001
France,FRA,1979,January,January-1979,5371209180
France,FRA,1980,January,January-1980,5433665159.999999
France,FRA,1981,January,January-1981,5323882770
France,FRA,1982,January,January-1982,5311825060.000001
France,FRA,1983,January,January-1983,5295273750
France,FRA,1984,January,January-1984,5368431550
France,FRA,1985,January,January-1985,5402281350
France,FRA,1986,January,January-1986,5312879250
France,FRA,1987,January,January-1987,5484966739.999999
France,FRA,1988,January,January-1988,5483510200.000001
France,FRA,1989,January,January-1989,5542257040
France,FRA,1990,January,January-1990,5593032900
France,FRA,1991,January,January-1991,5744330020
France,FRA,1992,January,January-1992,5602120409.999999
France,FRA,1993,January,January-1993,5396222200
France,FRA,1994,January,January-1994,5475947830
France,FRA,1995,January,January-1995,5656503720
France,FRA,1996,January,January-1996,5755950640
France,FRA,1997,January,January-1997,5813366850.000001
France,FRA,1998,January,January-1998,5957196920
France,FRA,1999,January,January-1999,5800542240
France,FRA,2000,January,January-2000,5907401500
France,FRA,2001,January,January-2001,6031039039.999999
France,FRA,2002,January,January-2002,5864282180.000001
France,FRA,2003,January,January-2003,5798049960
France,FRA,2004,January,January-2004,5533229680.000001
France,FRA,2005,January,January-2005,5396895999.999999
France,FRA,2006,January,January-2006,5127390239.999999
France,FRA,2007,January,January-2007,5180910060.000001
France,FRA,2008,January,January-2008,5662263180
France,FRA,2009,January,January-2009,5655138060.000001
France,FRA,2010,January,January-2010,5688753600
France,FRA,2011,January,January-2011,5645092379.999999
France,FRA,2012,January,January-2012,5686435440.000001
France,FRA,2013,January,January-2013,5544082380
France,FRA,2014,January,January-2014,5529029220
France,FRA,2015,January,January-2015,5559071250
France,FRA,2016,January,January-2016,5514240360
France,FRA,2017,January,January-2017,5384562720
Germany,DEU,1961,January,January-1961,4719563520.000001
Germany,DEU,1962,January,January-1962,4855193020.000001
Germany,DEU,1963,January,January-1963,4842724500
Germany,DEU,1964,January,January-1964,4994682000.000001
Germany,DEU,1965,January,January-1965,5141314360
Germany,DEU,1966,January,January-1966,5203018600
Germany,DEU,1967,January,January-1967,5373217219.999999
Germany,DEU,1968,January,January-1968,5719419090
Germany,DEU,1969,January,January-1969,5790531390.000001
Germany,DEU,1970,January,January-1970,6074079400.000001
Germany,DEU,1971,January,January-1971,6333140200.000001
Germany,DEU,1972,January,January-1972,6467596940.000001
Germany,DEU,1973,January,January-1973,6466109440
Germany,DEU,1974,January,January-1974,6704982700
Germany,DEU,1975,January,January-1975,6817101199.999999
Germany,DEU,1976,January,January-1976,6786281480.000001
Germany,DEU,1977,January,January-1977,6855211440
Germany,DEU,1978,January,January-1978,7168306019.999999
Germany,DEU,1979,January,January-1979,7255514999.999999
Germany,DEU,1980,January,January-1980,7433753680.000001
Germany,DEU,1981,January,January-1981,7446816719.999999
Germany,DEU,1982,January,January-1982,7270495800
Germany,DEU,1983,January,January-1983,7354708900.000001
Germany,DEU,1984,January,January-1984,7338618539.999999
Germany,DEU,1985,January,January-1985,7465424280
Germany,DEU,1986,January,January-1986,7523062140
Germany,DEU,1987,January,January-1987,7658830720
Germany,DEU,1988,January,January-1988,7671834760
Germany,DEU,1989,January,January-1989,7420784400
Germany,DEU,1990,January,January-1990,7454001659.999999
Germany,DEU,1991,January,January-1991,6973745430
Germany,DEU,1992,January,January-1992,6955181739.999999
Germany,DEU,1993,January,January-1993,6768100350
Germany,DEU,1994,January,January-1994,6776230390
Germany,DEU,1995,January,January-1995,6607148769.999999
Germany,DEU,1996,January,January-1996,6897088440
Germany,DEU,1997,January,January-1997,6639716429.999999
Germany,DEU,1998,January,January-1998,6972980980
Germany,DEU,1999,January,January-1999,6748858800
Germany,DEU,2000,January,January-2000,6735118740.000001
Germany,DEU,2001,January,January-2001,6625468360
Germany,DEU,2002,January,January-2002,6582320549.999999
Germany,DEU,2003,January,January-2003,6782939540
Germany,DEU,2004,January,January-2004,6748041900
Germany,DEU,2005,January,January-2005,6692262030
Germany,DEU,2006,January,January-2006,6715736960.000001
Germany,DEU,2007,January,January-2007,6993971900.000001
Germany,DEU,2008,January,January-2008,6948166859.999999
Germany,DEU,2009,January,January-2009,6954163999.999999
Germany,DEU,2010,January,January-2010,7075595579.999999
Germany,DEU,2011,January,January-2011,7108859519.999999
Germany,DEU,2012,January,January-2012,6996876930
Germany,DEU,2013,January,January-2013,6975281820.000001
Germany,DEU,2014,January,January-2014,7179817500
Germany,DEU,2015,January,January-2015,7187441560
Germany,DEU,2016,January,January-2016,7276634820.000001
Germany,DEU,2017,January,January-2017,7255719239.999999
India,IND,1961,January,January-1961,1700675340.8
India,IND,1962,January,January-1962,1744966410.2399998
India,IND,1963,January,January-1963,1762079621.1199996
India,IND,1964,January,January-1964,1794072160
India,IND,1965,January,January-1965,1821798979.2
India,IND,1966,January,January-1966,1849964160
India,IND,1967,January,January-1967,1899463620.8
India,IND,1968,January,January-1968,1940026041.6
India,IND,1969,January,January-1969,1971395036.1599996
India,IND,1970,January,January-1970,2004235957.76
India,IND,1971,January,January-1971,2067039636.4799998
India,IND,1972,January,January-1972,2086102243.84
India,IND,1973,January,January-1973,2141171942.4000003
India,IND,1974,January,January-1974,2197778858.88
India,IND,1975,January,January-1975,2249401743.36
India,IND,1976,January,January-1976,2295468057.6
India,IND,1977,January,January-1977,2335624305.92
India,IND,1978,January,January-1978,2396325114.88
India,IND,1979,January,January-1979,2472441928.96
India,IND,1980,January,January-1980,2572147128.32
India,IND,1981,January,January-1981,2654078439.0400004
India,IND,1982,January,January-1982,2885021565.44
India,IND,1983,January,January-1983,2937761648.6400003
India,IND,1984,January,January-1984,2982980463.36
India,IND,1985,January,January-1985,3113909200
India,IND,1986,January,January-1986,3183840654.7200003
India,IND,1987,January,January-1987,3377089774.08
India,IND,1988,January,January-1988,3441997557.1200004
India,IND,1989,January,January-1989,3506873401.6000004
India,IND,1990,January,January-1990,3597905425.92
India,IND,1991,January,January-1991,3761172161.2799997
India,IND,1992,January,January-1992,3837275573.7599998
India,IND,1993,January,January-1993,3922919055.3599997
India,IND,1994,January,January-1994,3952616293.12
India,IND,1995,January,January-1995,3952084332.8000007
India,IND,1996,January,January-1996,4008049167.36
India,IND,1997,January,January-1997,4023617871.3600006
India,IND,1998,January,January-1998,4139105169.9199996
India,IND,1999,January,January-1999,4204134835.2
India,IND,2000,January,January-2000,4205172480.0000005
India,IND,2001,January,January-2001,4332250257.919999
India,IND,2002,January,January-2002,4449800157.440001
India,IND,2003,January,January-2003,4546128840.96
India,IND,2004,January,January-2004,4721824307.2
India,IND,2005,January,January-2005,4739629233.92
India,IND,2006,January,January-2006,4848421560.32
India,IND,2007,January,January-2007,5146958976
India,IND,2008,January,January-2008,5294954488.319999
India,IND,2009,January,January-2009,5406703226.879999
India,IND,2010,January,January-2010,5406150604.8
India,IND,2011,January,January-2011,5176192320
India,IND,2012,January,January-2012,5202355668.4800005
India,IND,2013,January,January-2013,4726306920.96
India,IND,2014,January,January-2014,4534603584
India,IND,2015,January,January-2015,4808257605.120001
India,IND,2016,January,January-2016,4993429059.84
India,IND,2017,January,January-2017,5060199029.76
Indonesia,IDN,1961,January,January-1961,336065540
Indonesia,IDN,1962,January,January-1962,356194300
Indonesia,IDN,1963,January,January-1963,363907449.99999994
Indonesia,IDN,1964,January,January-1964,377700390
Indonesia,IDN,1965,January,January-1965,383019939.99999994
Indonesia,IDN,1966,January,January-1966,383253000
Indonesia,IDN,1967,January,January-1967,380058939.99999994
Indonesia,IDN,1968,January,January-1968,400310399.99999994
Indonesia,IDN,1969,January,January-1969,405685169.99999994
Indonesia,IDN,1970,January,January-1970,435065470.00000006
Indonesia,IDN,1971,January,January-1971,465625999.99999994
Indonesia,IDN,1972,January,January-1972,497379870.00000006
Indonesia,IDN,1973,January,January-1973,500525999.99999994
Indonesia,IDN,1974,January,January-1974,533898179.9999998
Indonesia,IDN,1975,January,January-1975,542326149.9999999
Indonesia,IDN,1976,January,January-1976,574718429.9999999
Indonesia,IDN,1977,January,January-1977,577940380
Indonesia,IDN,1978,January,January-1978,583581299.9999999
Indonesia,IDN,1979,January,January-1979,652365299.9999999
Indonesia,IDN,1980,January,January-1980,681209760
Indonesia,IDN,1981,January,January-1981,732049300
Indonesia,IDN,1982,January,January-1982,766161280
Indonesia,IDN,1983,January,January-1983,902231344.32
Indonesia,IDN,1984,January,January-1984,977214198.4
Indonesia,IDN,1985,January,January-1985,1062484079.9999999
Indonesia,IDN,1986,January,January-1986,1146626940
Indonesia,IDN,1987,January,January-1987,1191618875.52
Indonesia,IDN,1988,January,January-1988,1265076480
Indonesia,IDN,1989,January,January-1989,1350824159.36
Indonesia,IDN,1990,January,January-1990,1478515884.8
Indonesia,IDN,1991,January,January-1991,1594874879.9999998
Indonesia,IDN,1992,January,January-1992,1708434000
Indonesia,IDN,1993,January,January-1993,1864614348.1599998
Indonesia,IDN,1994,January,January-1994,2007040867.2
Indonesia,IDN,1995,January,January-1995,1943738580.0000002
Indonesia,IDN,1996,January,January-1996,2092963386.24
Indonesia,IDN,1997,January,January-1997,2105333880.0000002
Indonesia,IDN,1998,January,January-1998,1746605182.0800002
Indonesia,IDN,1999,January,January-1999,1660575463.68
Indonesia,IDN,2000,January,January-2000,1770372180.0000002
Indonesia,IDN,2001,January,January-2001,1863370699.52
Indonesia,IDN,2002,January,January-2002,2108372599.9999998
Indonesia,IDN,2003,January,January-2003,2216308459.52
Indonesia,IDN,2004,January,January-2004,2351201580
Indonesia,IDN,2005,January,January-2005,2271941479.68
Indonesia,IDN,2006,January,January-2006,2520204819.9999995
Indonesia,IDN,2007,January,January-2007,2525905380
Indonesia,IDN,2008,January,January-2008,2649037500
Indonesia,IDN,2009,January,January-2009,2756072457.6
Indonesia,IDN,2010,January,January-2010,2979394880
Indonesia,IDN,2011,January,January-2011,3152191760.0000005
Indonesia,IDN,2012,January,January-2012,3222422440
Indonesia,IDN,2013,January,January-2013,3409439591.6800003
Indonesia,IDN,2014,January,January-2014,2640574800.0000005
Indonesia,IDN,2015,January,January-2015,2728524564.48
Indonesia,IDN,2016,January,January-2016,3068051879.9999995
Indonesia,IDN,2017,January,January-2017,3093770283.5200005
Iran,IRN,1961,January,January-1961,319890400
Iran,IRN,1962,January,January-1962,333837370
Iran,IRN,1963,January,January-1963,314707200
Iran,IRN,1964,January,January-1964,316976320
Iran,IRN,1965,January,January-1965,319174450
Iran,IRN,1966,January,January-1966,322606160
Iran,IRN,1967,January,January-1967,348713499.99999994
Iran,IRN,1968,January,January-1968,364945500
Iran,IRN,1969,January,January-1969,387044100
Iran,IRN,1970,January,January-1970,411742160.00000006
Iran,IRN,1971,January,January-1971,426638740
Iran,IRN,1972,January,January-1972,451125000
Iran,IRN,1973,January,January-1973,461735640
Iran,IRN,1974,January,January-1974,488868680
Iran,IRN,1975,January,January-1975,536772000.00000006
Iran,IRN,1976,January,January-1976,593043720.0000001
Iran,IRN,1977,January,January-1977,676570320
Iran,IRN,1978,January,January-1978,726771810
Iran,IRN,1979,January,January-1979,724259650
Iran,IRN,1980,January,January-1980,810104000
Iran,IRN,1981,January,January-1981,877968000
Iran,IRN,1982,January,January-1982,911906820
Iran,IRN,1983,January,January-1983,957832150
Iran,IRN,1984,January,January-1984,933105960
Iran,IRN,1985,January,January-1985,907168520
Iran,IRN,1986,January,January-1986,995052000.0000001
Iran,IRN,1987,January,January-1987,980365099.9999999
Iran,IRN,1988,January,January-1988,988293739.9999999
Iran,IRN,1989,January,January-1989,1053130620
Iran,IRN,1990,January,January-1990,1110973860
Iran,IRN,1991,January,January-1991,1162808640
Iran,IRN,1992,January,January-1992,1299037999.9999998
Iran,IRN,1993,January,January-1993,1389777480
Iran,IRN,1994,January,January-1994,1380262979.9999998
Iran,IRN,1995,January,January-1995,1394141670
Iran,IRN,1996,January,January-1996,1508784900
Iran,IRN,1997,January,January-1997,1559459200
Iran,IRN,1998,January,January-1998,1598660280.0000002
Iran,IRN,1999,January,January-1999,1504031210
Iran,IRN,2000,January,January-2000,1566421010
Iran,IRN,2001,January,January-2001,1672521330
Iran,IRN,2002,January,January-2002,1709711849.9999998
Iran,IRN,2003,January,January-2003,1895181859.9999998
Iran,IRN,2004,January,January-2004,2005784590.0000002
Iran,IRN,2005,January,January-2005,2063559960
Iran,IRN,2006,January,January-2006,2155455250
Iran,IRN,2007,January,January-2007,2304152800.0000005
Iran,IRN,2008,January,January-2008,2232866160.0000005
Iran,IRN,2009,January,January-2009,2626758499.9999995
Iran,IRN,2010,January,January-2010,2570640549.9999995
Iran,IRN,2011,January,January-2011,2639839950.0000005
Iran,IRN,2012,January,January-2012,2495086200
Iran,IRN,2013,January,January-2013,2514728159.9999995
Iran,IRN,2014,January,January-2014,2587364400
Iran,IRN,2015,January,January-2015,2560409040
Iran,IRN,2016,January,January-2016,2762462080
Iran,IRN,2017,January,January-2017,2902650519.9999995
Italy,ITA,1961,January,January-1961,1551111480
Italy,ITA,1962,January,January-1962,1720576620.0000002
Italy,ITA,1963,January,January-1963,1890317520
Italy,ITA,1964,January,January-1964,2019130740.0000002
Italy,ITA,1965,January,January-1965,2120824080
Italy,ITA,1966,January,January-1966,2337628700.0000005
Italy,ITA,1967,January,January-1967,2506297400
Italy,ITA,1968,January,January-1968,2595930150
Italy,ITA,1969,January,January-1969,2686453699.9999995
Italy,ITA,1970,January,January-1970,2915179930.0000005
Italy,ITA,1971,January,January-1971,3063589649.9999995
Italy,ITA,1972,January,January-1972,3141053510
Italy,ITA,1973,January,January-1973,3416418450
Italy,ITA,1974,January,January-1974,3428280040
Italy,ITA,1975,January,January-1975,3439693599.9999995
Italy,ITA,1976,January,January-1976,3577202580
Italy,ITA,1977,January,January-1977,3697523620.0000005
Italy,ITA,1978,January,January-1978,3894034950
Italy,ITA,1979,January,January-1979,4051557359.9999995
Italy,ITA,1980,January,January-1980,4254912989.9999995
Italy,ITA,1981,January,January-1981,4258216800.000001
Italy,ITA,1982,January,January-1982,4263669150
Italy,ITA,1983,January,January-1983,4465702549.999999
Italy,ITA,1984,January,January-1984,4488765220
Italy,ITA,1985,January,January-1985,4469554500
Italy,ITA,1986,January,January-1986,4518831200
Italy,ITA,1987,January,January-1987,4689478079.999999
Italy,ITA,1988,January,January-1988,4745608139.999999
Italy,ITA,1989,January,January-1989,4812107020.000001
Italy,ITA,1990,January,January-1990,4880456400
Italy,ITA,1991,January,January-1991,4934115840
Italy,ITA,1992,January,January-1992,4943613949.999999
Italy,ITA,1993,January,January-1993,5024844300
Italy,ITA,1994,January,January-1994,5001647880
Italy,ITA,1995,January,January-1995,4805474700.000001
Italy,ITA,1996,January,January-1996,4990904900
Italy,ITA,1997,January,January-1997,4867568160
Italy,ITA,1998,January,January-1998,5012676620
Italy,ITA,1999,January,January-1999,5012922879.999999
Italy,ITA,2000,January,January-2000,5026312720.000001
Italy,ITA,2001,January,January-2001,5126143750.000001
Italy,ITA,2002,January,January-2002,5104154580.000001
Italy,ITA,2003,January,January-2003,4969586450
Italy,ITA,2004,January,January-2004,4962087240
Italy,ITA,2005,January,January-2005,4927658550
Italy,ITA,2006,January,January-2006,4977325860.000001
Italy,ITA,2007,January,January-2007,5153962040
Italy,ITA,2008,January,January-2008,5066113560
Italy,ITA,2009,January,January-2009,5180049839.999999
Italy,ITA,2010,January,January-2010,5307807750
Italy,ITA,2011,January,January-2011,5162790960
Italy,ITA,2012,January,January-2012,5180731080
Italy,ITA,2013,January,January-2013,5056434680
Italy,ITA,2014,January,January-2014,4751850600
Italy,ITA,2015,January,January-2015,4705699040
Italy,ITA,2016,January,January-2016,4651638840
Italy,ITA,2017,January,January-2017,4911560300
Japan,JPN,1961,January,January-1961,722446040
Japan,JPN,1962,January,January-1962,917360990
Japan,JPN,1963,January,January-1963,937864970
Japan,JPN,1964,January,January-1964,1063378680
Japan,JPN,1965,January,January-1965,1132140500
Japan,JPN,1966,January,January-1966,1310683359.9999998
Japan,JPN,1967,January,January-1967,1386302500
Japan,JPN,1968,January,January-1968,1434842200
Japan,JPN,1969,January,January-1969,1632131920.0000002
Japan,JPN,1970,January,January-1970,1841503950
Japan,JPN,1971,January,January-1971,2084904929.9999995
Japan,JPN,1972,January,January-1972,2323643520
Japan,JPN,1973,January,January-1973,2541072800
Japan,JPN,1974,January,January-1974,2549088079.9999995
Japan,JPN,1975,January,January-1975,2625967680.0000005
Japan,JPN,1976,January,January-1976,2769220440
Japan,JPN,1977,January,January-1977,2997010800
Japan,JPN,1978,January,January-1978,3268946589.9999995
Japan,JPN,1979,January,January-1979,3555094140
Japan,JPN,1980,January,January-1980,3555717060
Japan,JPN,1981,January,January-1981,3633229799.9999995
Japan,JPN,1982,January,January-1982,3691010300
Japan,JPN,1983,January,January-1983,3798299119.9999995
Japan,JPN,1984,January,January-1984,3928947380
Japan,JPN,1985,January,January-1985,4112332419.9999995
Japan,JPN,1986,January,January-1986,4270663739.999999
Japan,JPN,1987,January,January-1987,4493395230
Japan,JPN,1988,January,January-1988,4688814900.000001
Japan,JPN,1989,January,January-1989,4811008020
Japan,JPN,1990,January,January-1990,4772276650.000001
Japan,JPN,1991,January,January-1991,4806057100
Japan,JPN,1992,January,January-1992,4990680420
Japan,JPN,1993,January,January-1993,5044621910
Japan,JPN,1994,January,January-1994,5121533390
Japan,JPN,1995,January,January-1995,5567641900
Japan,JPN,1996,January,January-1996,5612862080
Japan,JPN,1997,January,January-1997,5365036039.999999
Japan,JPN,1998,January,January-1998,5384676120
Japan,JPN,1999,January,January-1999,5622716160
Japan,JPN,2000,January,January-2000,5771736240
Japan,JPN,2001,January,January-2001,5717755780
Japan,JPN,2002,January,January-2002,5712980310
Japan,JPN,2003,January,January-2003,5762609999.999999
Japan,JPN,2004,January,January-2004,5679437200
Japan,JPN,2005,January,January-2005,5994107460
Japan,JPN,2006,January,January-2006,5883057630
Japan,JPN,2007,January,January-2007,5932567980
Japan,JPN,2008,January,January-2008,5974492720
Japan,JPN,2009,January,January-2009,5885247900
Japan,JPN,2010,January,January-2010,6125026300.000001
Japan,JPN,2011,January,January-2011,6268181220
Japan,JPN,2012,January,January-2012,6392946720
Japan,JPN,2013,January,January-2013,6345127299.999999
Japan,JPN,2014,January,January-2014,6020097930
Japan,JPN,2015,January,January-2015,5905227900
Japan,JPN,2016,January,January-2016,6034246490.000001
Japan,JPN,2017,January,January-2017,6289722990
Mexico,MEX,1961,January,January-1961,946094480
Mexico,MEX,1962,January,January-1962,1020551050
Mexico,MEX,1963,January,January-1963,1039037720
Mexico,MEX,1964,January,January-1964,1082106299.9999998
Mexico,MEX,1965,January,January-1965,1109277360
Mexico,MEX,1966,January,January-1966,1119336800
Mexico,MEX,1967,January,January-1967,1156995840
Mexico,MEX,1968,January,January-1968,1160915040
Mexico,MEX,1969,January,January-1969,1185194850
Mexico,MEX,1970,January,January-1970,1202899840
Mexico,MEX,1971,January,January-1971,1231893959.9999998
Mexico,MEX,1972,January,January-1972,1316935200
Mexico,MEX,1973,January,January-1973,1396271960
Mexico,MEX,1974,January,January-1974,1526271110
Mexico,MEX,1975,January,January-1975,1719690799.9999998
Mexico,MEX,1976,January,January-1976,1922998800
Mexico,MEX,1977,January,January-1977,2088541400
Mexico,MEX,1978,January,January-1978,2166387050
Mexico,MEX,1979,January,January-1979,2220443920
Mexico,MEX,1980,January,January-1980,2444139270
Mexico,MEX,1981,January,January-1981,2657632320.0000005
Mexico,MEX,1982,January,January-1982,2769169230
Mexico,MEX,1983,January,January-1983,2981796090
Mexico,MEX,1984,January,January-1984,2964454110
Mexico,MEX,1985,January,January-1985,2912428389.9999995
Mexico,MEX,1986,January,January-1986,3010065210
Mexico,MEX,1987,January,January-1987,2991383999.9999995
Mexico,MEX,1988,January,January-1988,3043321630
Mexico,MEX,1989,January,January-1989,2796427550
Mexico,MEX,1990,January,January-1990,2913661530
Mexico,MEX,1991,January,January-1991,3297381280
Mexico,MEX,1992,January,January-1992,3468197250
Mexico,MEX,1993,January,January-1993,3632738750
Mexico,MEX,1994,January,January-1994,3948832799.9999995
Mexico,MEX,1995,January,January-1995,3965341380
Mexico,MEX,1996,January,January-1996,3874915200
Mexico,MEX,1997,January,January-1997,4241411130.0000005
Mexico,MEX,1998,January,January-1998,4667361040
Mexico,MEX,1999,January,January-1999,4911294299.999999
Mexico,MEX,2000,January,January-2000,5245656000
Mexico,MEX,2001,January,January-2001,5495327420.000001
Mexico,MEX,2002,January,January-2002,5745202500
Mexico,MEX,2003,January,January-2003,5771505190
Mexico,MEX,2004,January,January-2004,5959445300
Mexico,MEX,2005,January,January-2005,6221433450.000001
Mexico,MEX,2006,January,January-2006,6412727200.000001
Mexico,MEX,2007,January,January-2007,6542618029.999999
Mexico,MEX,2008,January,January-2008,6750849800
Mexico,MEX,2009,January,January-2009,6906414240
Mexico,MEX,2010,January,January-2010,7000746480
Mexico,MEX,2011,January,January-2011,7052767199.999999
Mexico,MEX,2012,January,January-2012,7184205240.000001
Mexico,MEX,2013,January,January-2013,7393415940.000001
Mexico,MEX,2014,January,January-2014,7360911800
Mexico,MEX,2015,January,January-2015,7613687840
Mexico,MEX,2016,January,January-2016,7837812150
Mexico,MEX,2017,January,January-2017,8094283990.000001
Myanmar,MMR,1961,January,January-1961,105729120.00000001
Myanmar,MMR,1962,January,January-1962,106453620.00000001
Myanmar,MMR,1963,January,January-1963,116221980
Myanmar,MMR,1964,January,January-1964,124756680
Myanmar,MMR,1965,January,January-1965,132211550
Myanmar,MMR,1966,January,January-1966,143482720
Myanmar,MMR,1967,January,January-1967,161099400.00000003
Myanmar,MMR,1968,January,January-1968,160252400
Myanmar,MMR,1969,January,January-1969,175797600
Myanmar,MMR,1970,January,January-1970,188156100
Myanmar,MMR,1971,January,January-1971,190931760
Myanmar,MMR,1972,January,January-1972,188276300
Myanmar,MMR,1973,January,January-1973,191216519.99999997
Myanmar,MMR,1974,January,January-1974,184294879.99999997
Myanmar,MMR,1975,January,January-1975,193767630
Myanmar,MMR,1976,January,January-1976,205106700
Myanmar,MMR,1977,January,January-1977,207214690
Myanmar,MMR,1978,January,January-1978,215815910
Myanmar,MMR,1979,January,January-1979,230349280
Myanmar,MMR,1980,January,January-1980,240594719.99999997
Myanmar,MMR,1981,January,January-1981,258122880.00000003
Myanmar,MMR,1982,January,January-1982,272650420
Myanmar,MMR,1983,January,January-1983,280623480
Myanmar,MMR,1984,January,January-1984,289742760
Myanmar,MMR,1985,January,January-1985,298878990
Myanmar,MMR,1986,January,January-1986,300683460
Myanmar,MMR,1987,January,January-1987,312473719.99999994
Myanmar,MMR,1988,January,January-1988,322692300
Myanmar,MMR,1989,January,January-1989,259863780
Myanmar,MMR,1990,January,January-1990,198821350.00000003
Myanmar,MMR,1991,January,January-1991,204842100.00000003
Myanmar,MMR,1992,January,January-1992,217522260
Myanmar,MMR,1993,January,January-1993,227745900.00000003
Myanmar,MMR,1994,January,January-1994,267673110
Myanmar,MMR,1995,January,January-1995,293265360
Myanmar,MMR,1996,January,January-1996,319609880
Myanmar,MMR,1997,January,January-1997,338152770
Myanmar,MMR,1998,January,January-1998,348924150.00000006
Myanmar,MMR,1999,January,January-1999,374527910
Myanmar,MMR,2000,January,January-2000,448512000
Myanmar,MMR,2001,January,January-2001,502946249.99999994
Myanmar,MMR,2002,January,January-2002,612493680
Myanmar,MMR,2003,January,January-2003,741976090
Myanmar,MMR,2004,January,January-2004,873666360.0000001
Myanmar,MMR,2005,January,January-2005,1049977500
Myanmar,MMR,2006,January,January-2006,1201958380
Myanmar,MMR,2007,January,January-2007,1335301110
Myanmar,MMR,2008,January,January-2008,1472435700
Myanmar,MMR,2009,January,January-2009,1684882499.9999998
Myanmar,MMR,2010,January,January-2010,1910187750.0000005
Myanmar,MMR,2011,January,January-2011,2016694049.9999998
Myanmar,MMR,2012,January,January-2012,2020570200.0000002
Myanmar,MMR,2013,January,January-2013,2023783560.0000005
Myanmar,MMR,2014,January,January-2014,2711815470
Myanmar,MMR,2015,January,January-2015,2914312920
Myanmar,MMR,2016,January,January-2016,2989085749.9999995
Myanmar,MMR,2017,January,January-2017,3109025919.9999995
Pakistan,PAK,1961,January,January-1961,360688949.99999994
Pakistan,PAK,1962,January,January-1962,372400110
Pakistan,PAK,1963,January,January-1963,379837950
Pakistan,PAK,1964,January,January-1964,390572360
Pakistan,PAK,1965,January,January-1965,398687940.00000006
Pakistan,PAK,1966,January,January-1966,410241000
Pakistan,PAK,1967,January,January-1967,421199600
Pakistan,PAK,1968,January,January-1968,430905460
Pakistan,PAK,1969,January,January-1969,441464400.00000006
Pakistan,PAK,1970,January,January-1970,454089020
Pakistan,PAK,1971,January,January-1971,468314560
Pakistan,PAK,1972,January,January-1972,483690160
Pakistan,PAK,1973,January,January-1973,510470910
Pakistan,PAK,1974,January,January-1974,534176380
Pakistan,PAK,1975,January,January-1975,553244760.0000001
Pakistan,PAK,1976,January,January-1976,578893940
Pakistan,PAK,1977,January,January-1977,605981320.0000001
Pakistan,PAK,1978,January,January-1978,631690110
Pakistan,PAK,1979,January,January-1979,664181190.0000001
Pakistan,PAK,1980,January,January-1980,695461140
Pakistan,PAK,1981,January,January-1981,729347200.0000001
Pakistan,PAK,1982,January,January-1982,760899840.0000001
Pakistan,PAK,1983,January,January-1983,806774100.0000001
Pakistan,PAK,1984,January,January-1984,858238680.0000001
Pakistan,PAK,1985,January,January-1985,920998080
Pakistan,PAK,1986,January,January-1986,1024513400
Pakistan,PAK,1987,January,January-1987,1084094580
Pakistan,PAK,1988,January,January-1988,1157873800
Pakistan,PAK,1989,January,January-1989,1234298530
Pakistan,PAK,1990,January,January-1990,1284240640
Pakistan,PAK,1991,January,January-1991,1341533690
Pakistan,PAK,1992,January,January-1992,1431861270
Pakistan,PAK,1993,January,January-1993,1600579290.0000002
Pakistan,PAK,1994,January,January-1994,1713969120
Pakistan,PAK,1995,January,January-1995,1813333049.9999998
Pakistan,PAK,1996,January,January-1996,1492530279.9999998
Pakistan,PAK,1997,January,January-1997,1635591360
Pakistan,PAK,1998,January,January-1998,1568224183.04
Pakistan,PAK,1999,January,January-1999,1630229905.92
Pakistan,PAK,2000,January,January-2000,1678235760.0000002
Pakistan,PAK,2001,January,January-2001,1734218639.9999998
Pakistan,PAK,2002,January,January-2002,1793104499.9999998
Pakistan,PAK,2003,January,January-2003,1852425203.1999996
Pakistan,PAK,2004,January,January-2004,1909746252.48
Pakistan,PAK,2005,January,January-2005,1963724000
Pakistan,PAK,2006,January,January-2006,2279919811.2000003
Pakistan,PAK,2007,January,January-2007,2384551680
Pakistan,PAK,2008,January,January-2008,2488910384.0000005
Pakistan,PAK,2009,January,January-2009,2597784800
Pakistan,PAK,2010,January,January-2010,2714700128.96
Pakistan,PAK,2011,January,January-2011,2845436800.0000005
Pakistan,PAK,2012,January,January-2012,2981497600
Pakistan,PAK,2013,January,January-2013,3138592878.72
Pakistan,PAK,2014,January,January-2014,3013556026.56
Pakistan,PAK,2015,January,January-2015,3152940996.48
Pakistan,PAK,2016,January,January-2016,3319185430.3999996
Philippines,PHL,1961,January,January-1961,344673090
Philippines,PHL,1962,January,January-1962,389989530
Philippines,PHL,1963,January,January-1963,409373430.00000006
Philippines,PHL,1964,January,January-1964,422721490
Philippines,PHL,1965,January,January-1965,473541200
Philippines,PHL,1966,January,January-1966,523206880.00000006
Philippines,PHL,1967,January,January-1967,534374720.00000006
Philippines,PHL,1968,January,January-1968,586681200.0000001
Philippines,PHL,1969,January,January-1969,596579900
Philippines,PHL,1970,January,January-1970,562480840
Philippines,PHL,1971,January,January-1971,577071000
Philippines,PHL,1972,January,January-1972,546849660.0000001
Philippines,PHL,1973,January,January-1973,625928920
Philippines,PHL,1974,January,January-1974,736240960
Philippines,PHL,1975,January,January-1975,613922820
Philippines,PHL,1976,January,January-1976,595955880
Philippines,PHL,1977,January,January-1977,570231030
Philippines,PHL,1978,January,January-1978,618764400
Philippines,PHL,1979,January,January-1979,740966400.0000001
Philippines,PHL,1980,January,January-1980,796561560
Philippines,PHL,1981,January,January-1981,845936740
Philippines,PHL,1982,January,January-1982,812389759.9999999
Philippines,PHL,1983,January,January-1983,855445759.9999999
Philippines,PHL,1984,January,January-1984,867947609.9999998
Philippines,PHL,1985,January,January-1985,706130760
Philippines,PHL,1986,January,January-1986,789490800
Philippines,PHL,1987,January,January-1987,856096800.0000001
Philippines,PHL,1988,January,January-1988,930136900
Philippines,PHL,1989,January,January-1989,1045709529.9999999
Philippines,PHL,1990,January,January-1990,1132059550
Philippines,PHL,1991,January,January-1991,1310980300
Philippines,PHL,1992,January,January-1992,1342012800
Philippines,PHL,1993,January,January-1993,1449751380
Philippines,PHL,1994,January,January-1994,1536117930
Philippines,PHL,1995,January,January-1995,1646204560.0000002
Philippines,PHL,1996,January,January-1996,1809326680
Philippines,PHL,1997,January,January-1997,1951388320.0000002
Philippines,PHL,1998,January,January-1998,1986275200
Philippines,PHL,1999,January,January-1999,2153919720
Philippines,PHL,2000,January,January-2000,2243829840
Philippines,PHL,2001,January,January-2001,2336809090
Philippines,PHL,2002,January,January-2002,2466173150
Philippines,PHL,2003,January,January-2003,2548035360
Philippines,PHL,2004,January,January-2004,2564201970
Philippines,PHL,2005,January,January-2005,2562155680
Philippines,PHL,2006,January,January-2006,2738621240
Philippines,PHL,2007,January,January-2007,2954835249.9999995
Philippines,PHL,2008,January,January-2008,3056125240
Philippines,PHL,2009,January,January-2009,3091248300.000001
Philippines,PHL,2010,January,January-2010,3239042490
Philippines,PHL,2011,January,January-2011,3295253600.0000005
Philippines,PHL,2012,January,January-2012,3381068140
Philippines,PHL,2013,January,January-2013,3470407200
Philippines,PHL,2014,January,January-2014,3475739540
Philippines,PHL,2015,January,January-2015,3608673419.9999995
Philippines,PHL,2016,January,January-2016,3840751199.9999995
Philippines,PHL,2017,January,January-2017,3894556189.9999995
Poland,POL,1961,January,January-1961,1399946239.9999998
Poland,POL,1962,January,January-1962,1418862410.0000002
Poland,POL,1963,January,January-1963,1424306240
Poland,POL,1964,January,January-1964,1489279049.9999998
Poland,POL,1965,January,January-1965,1558014480
Poland,POL,1966,January,January-1966,1604831520.0000002
Poland,POL,1967,January,January-1967,1659542039.9999998
Poland,POL,1968,January,January-1968,1703950000
Poland,POL,1969,January,January-1969,1712617910.0000002
Poland,POL,1970,January,January-1970,1733783679.9999998
Poland,POL,1971,January,January-1971,1861245100
Poland,POL,1972,January,January-1972,2047821660
Poland,POL,1973,January,January-1973,2169775280
Poland,POL,1974,January,January-1974,2301427520
Poland,POL,1975,January,January-1975,2505021540.0000005
Poland,POL,1976,January,January-1976,2456872200
Poland,POL,1977,January,January-1977,2478049280
Poland,POL,1978,January,January-1978,2556794940
Poland,POL,1979,January,January-1979,2672715190.0000005
Poland,POL,1980,January,January-1980,2723430200
Poland,POL,1981,January,January-1981,2401314540.0000005
Poland,POL,1982,January,January-1982,2181288840
Poland,POL,1983,January,January-1983,2241613920.0000005
Poland,POL,1984,January,January-1984,2207047680
Poland,POL,1985,January,January-1985,2355780960
Poland,POL,1986,January,January-1986,2632759200
Poland,POL,1987,January,January-1987,2684771440
Poland,POL,1988,January,January-1988,2768090710.0000005
Poland,POL,1989,January,January-1989,2785643790.0000005
Poland,POL,1990,January,January-1990,2771080000
Poland,POL,1991,January,January-1991,2969331510
Poland,POL,1992,January,January-1992,2905721860.0000005
Poland,POL,1993,January,January-1993,2811293400
Poland,POL,1994,January,January-1994,2630030389.9999995
Poland,POL,1995,January,January-1995,2663285750
Poland,POL,1996,January,January-1996,2718420900
Poland,POL,1997,January,January-1997,2537417350
Poland,POL,1998,January,January-1998,2682897479.9999995
Poland,POL,1999,January,January-1999,2789623440.0000005
Poland,POL,2000,January,January-2000,2726365470.0000005
Poland,POL,2001,January,January-2001,2725612200
Poland,POL,2002,January,January-2002,2845106880
Poland,POL,2003,January,January-2003,2887378620.0000005
Poland,POL,2004,January,January-2004,2809344000
Poland,POL,2005,January,January-2005,2795181650
Poland,POL,2006,January,January-2006,2913753380
Poland,POL,2007,January,January-2007,2893350320.0000005
Poland,POL,2008,January,January-2008,2822691630.0000005
Poland,POL,2009,January,January-2009,2858758079.9999995
Poland,POL,2010,January,January-2010,2864017600
Poland,POL,2011,January,January-2011,2920915229.9999995
Poland,POL,2012,January,January-2012,2880404450.0000005
Poland,POL,2013,January,January-2013,2903060640
Poland,POL,2014,January,January-2014,3112796520
Poland,POL,2015,January,January-2015,3233270340
Poland,POL,2016,January,January-2016,3278450700.0000005
Poland,POL,2017,January,January-2017,3366051570
Russia,RUS,1992,January,January-1992,9075545000.32
Russia,RUS,1993,January,January-1993,8725874940
Russia,RUS,1994,January,January-1994,8154744090.24
Russia,RUS,1995,January,January-1995,7873818664.96
Russia,RUS,1996,January,January-1996,7390688130.56
Russia,RUS,1997,January,January-1997,7218087800
Russia,RUS,1998,January,January-1998,6939229113.28
Russia,RUS,1999,January,January-1999,6008864400
Russia,RUS,2000,January,January-2000,5835702981.12
Russia,RUS,2001,January,January-2001,6646977344.639999
Russia,RUS,2002,January,January-2002,7266608640
Russia,RUS,2003,January,January-2003,7483619663.999999
Russia,RUS,2004,January,January-2004,7204049600.000001
Russia,RUS,2005,January,January-2005,7488184640
Russia,RUS,2006,January,January-2006,7993283665.920001
Russia,RUS,2007,January,January-2007,8614584580
Russia,RUS,2008,January,January-2008,9291129621.12
Russia,RUS,2009,January,January-2009,9137096760
Russia,RUS,2010,January,January-2010,9379222752.960001
Russia,RUS,2011,January,January-2011,9517450219.84
Russia,RUS,2012,January,January-2012,10477003440
Russia,RUS,2013,January,January-2013,10798395901.44
Russia,RUS,2014,January,January-2014,10621303712.64
Russia,RUS,2015,January,January-2015,10598402915.199999
Russia,RUS,2016,January,January-2016,10703862589.439999
Russia,RUS,2017,January,January-2017,11147598000
"South Africa",ZAF,1961,January,January-1961,565006000
"South Africa",ZAF,1962,January,January-1962,568084920
"South Africa",ZAF,1963,January,January-1963,587141010.0000001
"South Africa",ZAF,1964,January,January-1964,610718719.9999999
"South Africa",ZAF,1965,January,January-1965,642031200
"South Africa",ZAF,1966,January,January-1966,655707360
"South Africa",ZAF,1967,January,January-1967,678532750
"South Africa",ZAF,1968,January,January-1968,713075100
"South Africa",ZAF,1969,January,January-1969,754509600
"South Africa",ZAF,1970,January,January-1970,731620500.0000001
"South Africa",ZAF,1971,January,January-1971,751571399.9999999
"South Africa",ZAF,1972,January,January-1972,829072019.9999999
"South Africa",ZAF,1973,January,January-1973,844846290
"South Africa",ZAF,1974,January,January-1974,865247720
"South Africa",ZAF,1975,January,January-1975,903996600.0000001
"South Africa",ZAF,1976,January,January-1976,941241910
"South Africa",ZAF,1977,January,January-1977,953580810
"South Africa",ZAF,1978,January,January-1978,984602920
"South Africa",ZAF,1979,January,January-1979,1005667779.9999998
"South Africa",ZAF,1980,January,January-1980,1029194280
"South Africa",ZAF,1981,January,January-1981,1023721700
"South Africa",ZAF,1982,January,January-1982,1105299000
"South Africa",ZAF,1983,January,January-1983,1129731299.9999998
"South Africa",ZAF,1984,January,January-1984,1180064520
"South Africa",ZAF,1985,January,January-1985,1229383980
"South Africa",ZAF,1986,January,January-1986,1178389280
"South Africa",ZAF,1987,January,January-1987,1258393620
"South Africa",ZAF,1988,January,January-1988,1270656200
"South Africa",ZAF,1989,January,January-1989,1279107999.9999998
"South Africa",ZAF,1990,January,January-1990,1497800699.9999998
"South Africa",ZAF,1991,January,January-1991,1502724959.9999995
"South Africa",ZAF,1992,January,January-1992,1589073570.0000002
"South Africa",ZAF,1993,January,January-1993,1577433200
"South Africa",ZAF,1994,January,January-1994,1630672800
"South Africa",ZAF,1995,January,January-1995,1549292039.9999998
"South Africa",ZAF,1996,January,January-1996,1560804949.9999998
"South Africa",ZAF,1997,January,January-1997,1641243659.9999998
"South Africa",ZAF,1998,January,January-1998,1546342800.0000002
"South Africa",ZAF,1999,January,January-1999,1650740969.9999998
"South Africa",ZAF,2000,January,January-2000,1870219119.9999998
"South Africa",ZAF,2001,January,January-2001,1780914679.9999995
"South Africa",ZAF,2002,January,January-2002,1846963020.0000002
"South Africa",ZAF,2003,January,January-2003,1964066760
"South Africa",ZAF,2004,January,January-2004,2054364480
"South Africa",ZAF,2005,January,January-2005,2198216710
"South Africa",ZAF,2006,January,January-2006,2401660170.0000005
"South Africa",ZAF,2007,January,January-2007,2593536000
"South Africa",ZAF,2008,January,January-2008,2815002450
"South Africa",ZAF,2009,January,January-2009,2901417959.9999995
"South Africa",ZAF,2010,January,January-2010,2982365910
"South Africa",ZAF,2011,January,January-2011,3084357239.9999995
"South Africa",ZAF,2012,January,January-2012,3189528210
"South Africa",ZAF,2013,January,January-2013,3485360040
"South Africa",ZAF,2014,January,January-2014,3340820000
"South Africa",ZAF,2015,January,January-2015,3367468800
"South Africa",ZAF,2016,January,January-2016,3511313759.9999995
"South Africa",ZAF,2017,January,January-2017,3421170100
"South Korea",KOR,1961,January,January-1961,107205240.00000001
"South Korea",KOR,1962,January,January-1962,86870880
"South Korea",KOR,1963,January,January-1963,116125960
"South Korea",KOR,1964,January,January-1964,140485800
"South Korea",KOR,1965,January,January-1965,143324159.99999997
"South Korea",KOR,1966,January,January-1966,153188140
"South Korea",KOR,1967,January,January-1967,138183090
"South Korea",KOR,1968,January,January-1968,141176439.99999997
"South Korea",KOR,1969,January,January-1969,160558959.99999997
"South Korea",KOR,1970,January,January-1970,173858399.99999997
"South Korea",KOR,1971,January,January-1971,180023479.99999997
"South Korea",KOR,1972,January,January-1972,191995110
"South Korea",KOR,1973,January,January-1973,200825519.99999997
"South Korea",KOR,1974,January,January-1974,215294390
"South Korea",KOR,1975,January,January-1975,251544689.99999994
"South Korea",KOR,1976,January,January-1976,267767900
"South Korea",KOR,1977,January,January-1977,313685000
"South Korea",KOR,1978,January,January-1978,417269760.00000006
"South Korea",KOR,1979,January,January-1979,558163680
"South Korea",KOR,1980,January,January-1980,501446280
"South Korea",KOR,1981,January,January-1981,501439980
"South Korea",KOR,1982,January,January-1982,586058000
"South Korea",KOR,1983,January,January-1983,678100880.0000001
"South Korea",KOR,1984,January,January-1984,713239200
"South Korea",KOR,1985,January,January-1985,750793600
"South Korea",KOR,1986,January,January-1986,748547100
"South Korea",KOR,1987,January,January-1987,819566420.0000001
"South Korea",KOR,1988,January,January-1988,876672210.0000001
"South Korea",KOR,1989,January,January-1989,941175649.9999999
"South Korea",KOR,1990,January,January-1990,1084108680
"South Korea",KOR,1991,January,January-1991,1224853520
"South Korea",KOR,1992,January,January-1992,1514071440
"South Korea",KOR,1993,January,January-1993,1532217600
"South Korea",KOR,1994,January,January-1994,1638170999.9999998
"South Korea",KOR,1995,January,January-1995,1738798269.9999998
"South Korea",KOR,1996,January,January-1996,1878078550.0000002
"South Korea",KOR,1997,January,January-1997,1958248440
"South Korea",KOR,1998,January,January-1998,1838732240.0000002
"South Korea",KOR,1999,January,January-1999,2170304720
"South Korea",KOR,2000,January,January-2000,2254292820.0000005
"South Korea",KOR,2001,January,January-2001,2082843959.9999998
"South Korea",KOR,2002,January,January-2002,2416799999.9999995
"South Korea",KOR,2003,January,January-2003,2563141710
"South Korea",KOR,2004,January,January-2004,2187034300
"South Korea",KOR,2005,January,January-2005,2425309800
"South Korea",KOR,2006,January,January-2006,2671292000
"South Korea",KOR,2007,January,January-2007,2760670500
"South Korea",KOR,2008,January,January-2008,2750257439.9999995
"South Korea",KOR,2009,January,January-2009,2783170800
"South Korea",KOR,2010,January,January-2010,2929654980
"South Korea",KOR,2011,January,January-2011,3096689200.0000005
"South Korea",KOR,2012,January,January-2012,3184880820
"South Korea",KOR,2013,January,January-2013,3202509060
"South Korea",KOR,2014,January,January-2014,3224741760
"South Korea",KOR,2015,January,January-2015,3392943479.9999995
"South Korea",KOR,2016,January,January-2016,3515277850
"South Korea",KOR,2017,January,January-2017,3612487199.9999995
Spain,ESP,1961,January,January-1961,668992100
Spain,ESP,1962,January,January-1962,737409750
Spain,ESP,1963,January,January-1963,928530820.0000001
Spain,ESP,1964,January,January-1964,958210880
Spain,ESP,1965,January,January-1965,965665840
Spain,ESP,1966,January,January-1966,1167112640
Spain,ESP,1967,January,January-1967,1276430400
Spain,ESP,1968,January,January-1968,1305531840
Spain,ESP,1969,January,January-1969,1375243540
Spain,ESP,1970,January,January-1970,1563746600
Spain,ESP,1971,January,January-1971,1577310010
Spain,ESP,1972,January,January-1972,1684670399.9999998
Spain,ESP,1973,January,January-1973,1842525260
Spain,ESP,1974,January,January-1974,1966079920
Spain,ESP,1975,January,January-1975,1972627420.0000002
Spain,ESP,1976,January,January-1976,2173717840
Spain,ESP,1977,January,January-1977,2225686900
Spain,ESP,1978,January,January-1978,2373893600
Spain,ESP,1979,January,January-1979,2458195250
Spain,ESP,1980,January,January-1980,2653185240.0000005
Spain,ESP,1981,January,January-1981,2871062919.9999995
Spain,ESP,1982,January,January-1982,2999102900.0000005
Spain,ESP,1983,January,January-1983,2937442110
Spain,ESP,1984,January,January-1984,3012101220
Spain,ESP,1985,January,January-1985,3011181160.0000005
Spain,ESP,1986,January,January-1986,3068069760.0000005
Spain,ESP,1987,January,January-1987,3221106260
Spain,ESP,1988,January,January-1988,3498284790
Spain,ESP,1989,January,January-1989,3510147870.0000005
Spain,ESP,1990,January,January-1990,3655287720
Spain,ESP,1991,January,January-1991,3798248349.9999995
Spain,ESP,1992,January,January-1992,3820502340
Spain,ESP,1993,January,January-1993,3943121160
Spain,ESP,1994,January,January-1994,3976311600
Spain,ESP,1995,January,January-1995,4030820970
Spain,ESP,1996,January,January-1996,4106636099.9999995
Spain,ESP,1997,January,January-1997,4142421450
Spain,ESP,1998,January,January-1998,4695191580
Spain,ESP,1999,January,January-1999,4640478340
Spain,ESP,2000,January,January-2000,4623431250
Spain,ESP,2001,January,January-2001,4756230090
Spain,ESP,2002,January,January-2002,5014051199.999999
Spain,ESP,2003,January,January-2003,5042940440
Spain,ESP,2004,January,January-2004,4694587200
Spain,ESP,2005,January,January-2005,4756693139.999999
Spain,ESP,2006,January,January-2006,4794501510
Spain,ESP,2007,January,January-2007,5033987490
Spain,ESP,2008,January,January-2008,4721611810
Spain,ESP,2009,January,January-2009,4585263120
Spain,ESP,2010,January,January-2010,4535411840.000001
Spain,ESP,2011,January,January-2011,4508763840
Spain,ESP,2012,January,January-2012,4502517209.999999
Spain,ESP,2013,January,January-2013,4413860550
Spain,ESP,2014,January,January-2014,4422392120
Spain,ESP,2015,January,January-2015,4501047679.999999
Spain,ESP,2016,January,January-2016,4567333960.000001
Spain,ESP,2017,January,January-2017,4676361750
Turkey,TUR,1961,January,January-1961,476247240.00000006
Turkey,TUR,1962,January,January-1962,474302850
Turkey,TUR,1963,January,January-1963,476039719.99999994
Turkey,TUR,1964,January,January-1964,464547840
Turkey,TUR,1965,January,January-1965,479462040
Turkey,TUR,1966,January,January-1966,501461580
Turkey,TUR,1967,January,January-1967,491392139.99999994
Turkey,TUR,1968,January,January-1968,505823759.99999994
Turkey,TUR,1969,January,January-1969,556799250
Turkey,TUR,1970,January,January-1970,569525080
Turkey,TUR,1971,January,January-1971,575108099.9999999
Turkey,TUR,1972,January,January-1972,570757200
Turkey,TUR,1973,January,January-1973,589059840
Turkey,TUR,1974,January,January-1974,646534499.9999999
Turkey,TUR,1975,January,January-1975,723482339.9999999
Turkey,TUR,1976,January,January-1976,708549700
Turkey,TUR,1977,January,January-1977,724734040
Turkey,TUR,1978,January,January-1978,732336800.0000001
Turkey,TUR,1979,January,January-1979,659957900.0000001
Turkey,TUR,1980,January,January-1980,680748480
Turkey,TUR,1981,January,January-1981,759847320
Turkey,TUR,1982,January,January-1982,759412500.0000001
Turkey,TUR,1983,January,January-1983,732926610
Turkey,TUR,1984,January,January-1984,996440940
Turkey,TUR,1985,January,January-1985,998402880
Turkey,TUR,1986,January,January-1986,1154972160.0000002
Turkey,TUR,1987,January,January-1987,1073632009.9999999
Turkey,TUR,1988,January,January-1988,1084805360
Turkey,TUR,1989,January,January-1989,1139857920
Turkey,TUR,1990,January,January-1990,1161479880
Turkey,TUR,1991,January,January-1991,1152757820
Turkey,TUR,1992,January,January-1992,1139509560
Turkey,TUR,1993,January,January-1993,1154041980
Turkey,TUR,1994,January,January-1994,1176032520
Turkey,TUR,1995,January,January-1995,1217093660
Turkey,TUR,1996,January,January-1996,1117746630.0000002
Turkey,TUR,1997,January,January-1997,1240061420.0000002
Turkey,TUR,1998,January,January-1998,1235799500
Turkey,TUR,1999,January,January-1999,1330450320.0000002
Turkey,TUR,2000,January,January-2000,1393809600.0000002
Turkey,TUR,2001,January,January-2001,1297962240
Turkey,TUR,2002,January,January-2002,1355016000
Turkey,TUR,2003,January,January-2003,1469158470
Turkey,TUR,2004,January,January-2004,1554655199.9999998
Turkey,TUR,2005,January,January-2005,1550225490
Turkey,TUR,2006,January,January-2006,1555283339.9999998
Turkey,TUR,2007,January,January-2007,1789649040
Turkey,TUR,2008,January,January-2008,1714702649.9999998
Turkey,TUR,2009,January,January-2009,1821538340.0000002
Turkey,TUR,2010,January,January-2010,2270344530.0000005
Turkey,TUR,2011,January,January-2011,2454465060
Turkey,TUR,2012,January,January-2012,2600840839.9999995
Turkey,TUR,2013,January,January-2013,2667245250
Turkey,TUR,2014,January,January-2014,2787194610.0000005
Turkey,TUR,2015,January,January-2015,2907928870.0000005
Turkey,TUR,2016,January,January-2016,3004725920.0000005
Turkey,TUR,2017,January,January-2017,3152167760
"United Kingdom",GBR,1961,January,January-1961,3650886719.9999995
"United Kingdom",GBR,1962,January,January-1962,3767552460
"United Kingdom",GBR,1963,January,January-1963,3765400379.9999995
"United Kingdom",GBR,1964,January,January-1964,3759955740
"United Kingdom",GBR,1965,January,January-1965,3797954820
"United Kingdom",GBR,1966,January,January-1966,3871670549.9999995
"United Kingdom",GBR,1967,January,January-1967,3894459660
"United Kingdom",GBR,1968,January,January-1968,3959652060.0000005
"United Kingdom",GBR,1969,January,January-1969,3998123279.9999995
"United Kingdom",GBR,1970,January,January-1970,4036822720
"United Kingdom",GBR,1971,January,January-1971,4143265680.0000005
"United Kingdom",GBR,1972,January,January-1972,4142156120
"United Kingdom",GBR,1973,January,January-1973,3933861439.9999995
"United Kingdom",GBR,1974,January,January-1974,3963460720
"United Kingdom",GBR,1975,January,January-1975,3837427679.9999995
"United Kingdom",GBR,1976,January,January-1976,3767405400
"United Kingdom",GBR,1977,January,January-1977,3789273680
"United Kingdom",GBR,1978,January,January-1978,3937230300
"United Kingdom",GBR,1979,January,January-1979,4061373300.0000005
"United Kingdom",GBR,1980,January,January-1980,3970603760
"United Kingdom",GBR,1981,January,January-1981,3894990880
"United Kingdom",GBR,1982,January,January-1982,3878379359.9999995
"United Kingdom",GBR,1983,January,January-1983,3871294830.0000005
"United Kingdom",GBR,1984,January,January-1984,3917396819.9999995
"United Kingdom",GBR,1985,January,January-1985,3979443559.9999995
"United Kingdom",GBR,1986,January,January-1986,4050438180.0000005
"United Kingdom",GBR,1987,January,January-1987,4170595380
"United Kingdom",GBR,1988,January,January-1988,4170642330
"United Kingdom",GBR,1989,January,January-1989,4073071259.9999995
"United Kingdom",GBR,1990,January,January-1990,4111933980
"United Kingdom",GBR,1991,January,January-1991,4154743320
"United Kingdom",GBR,1992,January,January-1992,4344640980
"United Kingdom",GBR,1993,January,January-1993,4161168479.9999995
"United Kingdom",GBR,1994,January,January-1994,4256555470
"United Kingdom",GBR,1995,January,January-1995,4258002000.000001
"United Kingdom",GBR,1996,January,January-1996,4251039099.9999995
"United Kingdom",GBR,1997,January,January-1997,4273320030.0000005
"United Kingdom",GBR,1998,January,January-1998,4464898100
"United Kingdom",GBR,1999,January,January-1999,4461241680
"United Kingdom",GBR,2000,January,January-2000,4541195610
"United Kingdom",GBR,2001,January,January-2001,4638869040
"United Kingdom",GBR,2002,January,January-2002,4700398980
"United Kingdom",GBR,2003,January,January-2003,4938798120
"United Kingdom",GBR,2004,January,January-2004,5085612620
"United Kingdom",GBR,2005,January,January-2005,5035253760
"United Kingdom",GBR,2006,January,January-2006,5212967910
"United Kingdom",GBR,2007,January,January-2007,5231664150.000001
"United Kingdom",GBR,2008,January,January-2008,5064817500
"United Kingdom",GBR,2009,January,January-2009,5075326620
"United Kingdom",GBR,2010,January,January-2010,5143433000
"United Kingdom",GBR,2011,January,January-2011,5279254120
"United Kingdom",GBR,2012,January,January-2012,5349122500.000001
"United States",USA,1985,January,January-1985,26536769999.999996
"United States",USA,1993,January,January-1993,30230287360
Vietnam,VNM,2016,January,January-2016,5937712399.999999
"United Kingdom",GBR,2015,January,January-2015,5175937399.999999
"United States",USA,1979,January,January-1979,24232064862.720005
Vietnam,VNM,1961,January,January-1961,372009299.99999994
Vietnam,VNM,1995,January,January-1995,1355870999.9999998
"United States",USA,2011,January,January-2011,36234103360
Vietnam,VNM,1968,January,January-1968,445719080
"United States",USA,1976,January,January-1976,24107217440
Vietnam,VNM,1980,January,January-1980,490166459.99999994
Vietnam,VNM,1993,January,January-1993,1197288000
"United States",USA,1991,January,January-1991,29088717834.24
Vietnam,VNM,1986,January,January-1986,888935380.0000001
"United States",USA,1964,January,January-1964,18931427200
"United States",USA,1981,January,January-1981,25127873279.999996
"United States",USA,1983,January,January-1983,25604534400
"United States",USA,1984,January,January-1984,25910447880.000004
"United Kingdom",GBR,2013,January,January-2013,5295546160.000001
"United States",USA,2001,January,January-2001,34374954240
"United States",USA,2005,January,January-2005,36962746195.200005
Vietnam,VNM,1996,January,January-1996,1420968919.9999998
Vietnam,VNM,2005,January,January-2005,2929125020
"United States",USA,2013,January,January-2013,36427246208.96001
Vietnam,VNM,2009,January,January-2009,4385953119.999999
"United States",USA,1963,January,January-1963,18052652520
"United States",USA,1996,January,January-1996,31623280692.799995
"United States",USA,2014,January,January-2014,37466383669.439995
"United States",USA,2017,January,January-2017,40343047507.2
Vietnam,VNM,1967,January,January-1967,447214679.99999994
Vietnam,VNM,1991,January,January-1991,1021418269.9999999
Vietnam,VNM,1999,January,January-1999,1754599200
"United States",USA,1995,January,January-1995,31323823320
"United States",USA,2010,January,January-2010,36716687970.56
Vietnam,VNM,1988,January,January-1988,973544000.0000001
Vietnam,VNM,2008,January,January-2008,3974939869.9999995
"United States",USA,1982,January,January-1982,24698617860
Vietnam,VNM,1969,January,January-1969,434915960
Vietnam,VNM,2000,January,January-2000,1886675099.9999998
"United States",USA,1977,January,January-1977,24261577280
"United States",USA,2002,January,January-2002,35734635805.12
"United States",USA,2016,January,January-2016,39685745760
Vietnam,VNM,1992,January,January-1992,1154684070
Vietnam,VNM,1997,January,January-1997,1540346010
Vietnam,VNM,2015,January,January-2015,5963764949.999999
"United States",USA,1967,January,January-1967,20567896543.039997
Vietnam,VNM,1962,January,January-1962,384981300
Vietnam,VNM,1974,January,January-1974,445125719.9999999
Vietnam,VNM,1982,January,January-1982,686313120
Vietnam,VNM,2001,January,January-2001,2042797900
Vietnam,VNM,1965,January,January-1965,420234900
Vietnam,VNM,1971,January,January-1971,437277719.99999994
Vietnam,VNM,1998,January,January-1998,1625593960
"United States",USA,1968,January,January-1968,21132160080
"United States",USA,1999,January,January-1999,34489813360
"United States",USA,2008,January,January-2008,37210420421.76
Vietnam,VNM,2006,January,January-2006,3224791980
Vietnam,VNM,1990,January,January-1990,1045670819.9999999
Vietnam,VNM,2002,January,January-2002,2266645200
Vietnam,VNM,2003,January,January-2003,2441077320.0000005
Vietnam,VNM,2017,January,January-2017,5991081330
"United States",USA,1994,January,January-1994,31206678048.000004
"United States",USA,2004,January,January-2004,36769489356.159996
"United States",USA,2009,January,January-2009,36361822680
"United States",USA,1966,January,January-1966,19581893040
"United States",USA,1998,January,January-1998,33131070963.2
Vietnam,VNM,2004,January,January-2004,2634758359.9999995
Vietnam,VNM,2012,January,January-2012,4939110000.000001
"United Kingdom",GBR,2017,January,January-2017,5331487300
"United States",USA,2006,January,January-2006,37380665864.32
"United Kingdom",GBR,2014,January,January-2014,4863545820
"United States",USA,1970,January,January-1970,22174855073.280003
"United States",USA,1987,January,January-1987,27274398009.600002
"United States",USA,1989,January,January-1989,28156606500
"United States",USA,2012,January,January-2012,36086796040
Vietnam,VNM,1966,January,January-1966,434381700
"United Kingdom",GBR,2016,January,January-2016,5356215420
"United States",USA,1974,January,January-1974,23053271549.440002
Vietnam,VNM,1970,January,January-1970,431011650
Vietnam,VNM,1979,January,January-1979,466705049.99999994
"United States",USA,1972,January,January-1972,23022496499.999996
"United States",USA,2000,January,January-2000,34278595453.44
"United States",USA,2015,January,January-2015,38781317013.76
Vietnam,VNM,1972,January,January-1972,458212879.99999994
Vietnam,VNM,1978,January,January-1978,442171089.9999999
Vietnam,VNM,1984,January,January-1984,815328100
Vietnam,VNM,1985,January,January-1985,840987570
Vietnam,VNM,1987,January,January-1987,972092520.0000001
"United States",USA,1971,January,January-1971,22943619360.000004
"United States",USA,1978,January,January-1978,24076339555.2
"United States",USA,1980,January,January-1980,24854545560
"United States",USA,1986,January,January-1986,26844733424.640003
"United States",USA,1988,January,January-1988,28178144520.000004
Vietnam,VNM,1963,January,January-1963,401504040
Vietnam,VNM,1977,January,January-1977,424180740
Vietnam,VNM,2013,January,January-2013,5012288190
"United States",USA,1961,January,January-1961,16807276200
Vietnam,VNM,1976,January,January-1976,414709050
"United States",USA,1990,January,January-1990,28408881600
Vietnam,VNM,1973,January,January-1973,458583359.9999999
Vietnam,VNM,1994,January,January-1994,1289629010
"United States",USA,1965,January,January-1965,18727059840
"United States",USA,2003,January,January-2003,35696636720.00001
Vietnam,VNM,1983,January,January-1983,780927640
"United States",USA,1962,January,January-1962,17202487299.999996
"United States",USA,1969,January,January-1969,21397184184.32
"United States",USA,1975,January,January-1975,22390077382.4
"United States",USA,1997,January,January-1997,31757930449.920002
"United States",USA,1973,January,January-1973,21730928017.920002
Vietnam,VNM,1989,January,January-1989,1030193999.9999999
Vietnam,VNM,2007,January,January-2007,3607286599.9999995
Vietnam,VNM,2010,January,January-2010,4532111360
Vietnam,VNM,2011,January,January-2011,5118080890
Vietnam,VNM,1964,January,January-1964,401269800
Vietnam,VNM,1975,January,January-1975,408744020
Vietnam,VNM,1981,January,January-1981,616305300
Vietnam,VNM,2014,January,January-2014,5637659580
"United States",USA,1992,January,January-1992,30173314249.280003
"United States",USA,2007,January,January-2007,37717285760
Argentina,ARG,2018,January,January-2018,NULL
Australia,AUS,2018,January,January-2018,NULL
Brazil,BRA,2018,January,January-2018,NULL
Canada,CAN,2018,January,January-2018,NULL
China,CHN,2018,January,January-2018,NULL
France,FRA,2018,January,January-2018,NULL
Germany,DEU,2018,January,January-2018,NULL
India,IND,2018,January,January-2018,NULL
Indonesia,IDN,2018,January,January-2018,NULL
Iran,IRN,2018,January,January-2018,NULL
Italy,ITA,2018,January,January-2018,NULL
Japan,JPN,2018,January,January-2018,NULL
Mexico,MEX,2018,January,January-2018,NULL
Myanmar,MMR,2018,January,January-2018,NULL
Pakistan,PAK,2018,January,January-2018,NULL
Philippines,PHL,2018,January,January-2018,NULL
Poland,POL,2018,January,January-2018,NULL
Russia,RUS,2018,January,January-2018,NULL
"South Africa",ZAF,2018,January,January-2018,NULL
"South Korea",KOR,2018,January,January-2018,NULL
Spain,ESP,2018,January,January-2018,NULL
Turkey,TUR,2018,January,January-2018,NULL
"United States",USA,2018,January,January-2018,NULL
Vietnam,VNM,2018,January,January-2018,NULL
"United Kingdom",GBR,2018,January,January-2018,NULL
Argentina,ARG,2019,January,January-2019,NULL
Australia,AUS,2019,January,January-2019,NULL
Brazil,BRA,2019,January,January-2019,NULL
Canada,CAN,2019,January,January-2019,NULL
China,CHN,2019,January,January-2019,NULL
France,FRA,2019,January,January-2019,NULL
Germany,DEU,2019,January,January-2019,NULL
India,IND,2019,January,January-2019,NULL
Indonesia,IDN,2019,January,January-2019,NULL
Iran,IRN,2019,January,January-2019,NULL
Italy,ITA,2019,January,January-2019,NULL
Japan,JPN,2019,January,January-2019,NULL
Mexico,MEX,2019,January,January-2019,NULL
Myanmar,MMR,2019,January,January-2019,NULL
Pakistan,PAK,2019,January,January-2019,NULL
Philippines,PHL,2019,January,January-2019,NULL
Poland,POL,2019,January,January-2019,NULL
Russia,RUS,2019,January,January-2019,NULL
"South Africa",ZAF,2019,January,January-2019,NULL
"South Korea",KOR,2019,January,January-2019,NULL
Spain,ESP,2019,January,January-2019,NULL
Turkey,TUR,2019,January,January-2019,NULL
"United States",USA,2019,January,January-2019,NULL
Vietnam,VNM,2019,January,January-2019,NULL
"United Kingdom",GBR,2019,January,January-2019,NULL
Argentina,ARG,2020,January,January-2020,NULL
Australia,AUS,2020,January,January-2020,NULL
Brazil,BRA,2020,January,January-2020,NULL
Canada,CAN,2020,January,January-2020,NULL
China,CHN,2020,January,January-2020,NULL
France,FRA,2020,January,January-2020,NULL
Germany,DEU,2020,January,January-2020,NULL
India,IND,2020,January,January-2020,NULL
Indonesia,IDN,2020,January,January-2020,NULL
Iran,IRN,2020,January,January-2020,NULL
Italy,ITA,2020,January,January-2020,NULL
Japan,JPN,2020,January,January-2020,NULL
Mexico,MEX,2020,January,January-2020,NULL
Myanmar,MMR,2020,January,January-2020,NULL
Pakistan,PAK,2020,January,January-2020,NULL
Philippines,PHL,2020,January,January-2020,NULL
Poland,POL,2020,January,January-2020,NULL
Russia,RUS,2020,January,January-2020,NULL
"South Africa",ZAF,2020,January,January-2020,NULL
"South Korea",KOR,2020,January,January-2020,NULL
Spain,ESP,2020,January,January-2020,NULL
Turkey,TUR,2020,January,January-2020,NULL
"United States",USA,2020,January,January-2020,NULL
Vietnam,VNM,2020,January,January-2020,NULL
"United Kingdom",GBR,2020,January,January-2020,NULL
Argentina,ARG,2021,January,January-2021,NULL
Australia,AUS,2021,January,January-2021,NULL
Brazil,BRA,2021,January,January-2021,NULL
Canada,CAN,2021,January,January-2021,NULL
China,CHN,2021,January,January-2021,NULL
France,FRA,2021,January,January-2021,NULL
Germany,DEU,2021,January,January-2021,NULL
India,IND,2021,January,January-2021,NULL
Indonesia,IDN,2021,January,January-2021,NULL
Iran,IRN,2021,January,January-2021,NULL
Italy,ITA,2021,January,January-2021,NULL
Japan,JPN,2021,January,January-2021,NULL
Mexico,MEX,2021,January,January-2021,NULL
Myanmar,MMR,2021,January,January-2021,NULL
Pakistan,PAK,2021,January,January-2021,NULL
Philippines,PHL,2021,January,January-2021,NULL
Poland,POL,2021,January,January-2021,NULL
Russia,RUS,2021,January,January-2021,NULL
"South Africa",ZAF,2021,January,January-2021,NULL
"South Korea",KOR,2021,January,January-2021,NULL
Spain,ESP,2021,January,January-2021,NULL
Turkey,TUR,2021,January,January-2021,NULL
"United States",USA,2021,January,January-2021,NULL
Vietnam,VNM,2021,January,January-2021,NULL
"United Kingdom",GBR,2021,January,January-2021,NULL
Argentina,ARG,2022,January,January-2022,NULL
Australia,AUS,2022,January,January-2022,NULL
Brazil,BRA,2022,January,January-2022,NULL
Canada,CAN,2022,January,January-2022,NULL
China,CHN,2022,January,January-2022,NULL
France,FRA,2022,January,January-2022,NULL
Germany,DEU,2022,January,January-2022,NULL
India,IND,2022,January,January-2022,NULL
Indonesia,IDN,2022,January,January-2022,NULL
Iran,IRN,2022,January,January-2022,NULL
Italy,ITA,2022,January,January-2022,NULL
Japan,JPN,2022,January,January-2022,NULL
Mexico,MEX,2022,January,January-2022,NULL
Myanmar,MMR,2022,January,January-2022,NULL
Pakistan,PAK,2022,January,January-2022,NULL
Philippines,PHL,2022,January,January-2022,NULL
Poland,POL,2022,January,January-2022,NULL
Russia,RUS,2022,January,January-2022,NULL
"South Africa",ZAF,2022,January,January-2022,NULL
"South Korea",KOR,2022,January,January-2022,NULL
Spain,ESP,2022,January,January-2022,NULL
Turkey,TUR,2022,January,January-2022,NULL
"United States",USA,2022,January,January-2022,NULL
Vietnam,VNM,2022,January,January-2022,NULL
"United Kingdom",GBR,2022,January,January-2022,NULL
Argentina,ARG,2023,January,January-2023,NULL
Australia,AUS,2023,January,January-2023,NULL
Brazil,BRA,2023,January,January-2023,NULL
Canada,CAN,2023,January,January-2023,NULL
China,CHN,2023,January,January-2023,NULL
France,FRA,2023,January,January-2023,NULL
Germany,DEU,2023,January,January-2023,NULL
India,IND,2023,January,January-2023,NULL
Indonesia,IDN,2023,January,January-2023,NULL
Iran,IRN,2023,January,January-2023,NULL
Italy,ITA,2023,January,January-2023,NULL
Japan,JPN,2023,January,January-2023,NULL
Mexico,MEX,2023,January,January-2023,NULL
Myanmar,MMR,2023,January,January-2023,NULL
Pakistan,PAK,2023,January,January-2023,NULL
Philippines,PHL,2023,January,January-2023,NULL
Poland,POL,2023,January,January-2023,NULL
Russia,RUS,2023,January,January-2023,NULL
"South Africa",ZAF,2023,January,January-2023,NULL
"South Korea",KOR,2023,January,January-2023,NULL
Spain,ESP,2023,January,January-2023,NULL
Turkey,TUR,2023,January,January-2023,NULL
"United States",USA,2023,January,January-2023,NULL
Vietnam,VNM,2023,January,January-2023,NULL
"United Kingdom",GBR,2023,January,January-2023,NULL
Argentina,ARG,2024,January,January-2024,NULL
Australia,AUS,2024,January,January-2024,NULL
Brazil,BRA,2024,January,January-2024,NULL
Canada,CAN,2024,January,January-2024,NULL
China,CHN,2024,January,January-2024,NULL
France,FRA,2024,January,January-2024,NULL
Germany,DEU,2024,January,January-2024,NULL
India,IND,2024,January,January-2024,NULL
Indonesia,IDN,2024,January,January-2024,NULL
Iran,IRN,2024,January,January-2024,NULL
Italy,ITA,2024,January,January-2024,NULL
Japan,JPN,2024,January,January-2024,NULL
Mexico,MEX,2024,January,January-2024,NULL
Myanmar,MMR,2024,January,January-2024,NULL
Pakistan,PAK,2024,January,January-2024,NULL
Philippines,PHL,2024,January,January-2024,NULL
Poland,POL,2024,January,January-2024,NULL
Russia,RUS,2024,January,January-2024,NULL
"South Africa",ZAF,2024,January,January-2024,NULL
"South Korea",KOR,2024,January,January-2024,NULL
Spain,ESP,2024,January,January-2024,NULL
Turkey,TUR,2024,January,January-2024,NULL
"United States",USA,2024,January,January-2024,NULL
Vietnam,VNM,2024,January,January-2024,NULL
"United Kingdom",GBR,2024,January,January-2024,NULL
Argentina,ARG,2025,January,January-2025,NULL
Australia,AUS,2025,January,January-2025,NULL
Brazil,BRA,2025,January,January-2025,NULL
Canada,CAN,2025,January,January-2025,NULL
China,CHN,2025,January,January-2025,NULL
France,FRA,2025,January,January-2025,NULL
Germany,DEU,2025,January,January-2025,NULL
India,IND,2025,January,January-2025,NULL
Indonesia,IDN,2025,January,January-2025,NULL
Iran,IRN,2025,January,January-2025,NULL
Italy,ITA,2025,January,January-2025,NULL
Japan,JPN,2025,January,January-2025,NULL
Mexico,MEX,2025,January,January-2025,NULL
Myanmar,MMR,2025,January,January-2025,NULL
Pakistan,PAK,2025,January,January-2025,NULL
Philippines,PHL,2025,January,January-2025,NULL
Poland,POL,2025,January,January-2025,NULL
Russia,RUS,2025,January,January-2025,NULL
"South Africa",ZAF,2025,January,January-2025,NULL
"South Korea",KOR,2025,January,January-2025,NULL
Spain,ESP,2025,January,January-2025,NULL
Turkey,TUR,2025,January,January-2025,NULL
"United States",USA,2025,January,January-2025,NULL
Vietnam,VNM,2025,January,January-2025,NULL
"United Kingdom",GBR,2025,January,January-2025,NULL
Argentina,ARG,2026,January,January-2026,NULL
Australia,AUS,2026,January,January-2026,NULL
Brazil,BRA,2026,January,January-2026,NULL
Canada,CAN,2026,January,January-2026,NULL
China,CHN,2026,January,January-2026,NULL
France,FRA,2026,January,January-2026,NULL
Germany,DEU,2026,January,January-2026,NULL
India,IND,2026,January,January-2026,NULL
Indonesia,IDN,2026,January,January-2026,NULL
Iran,IRN,2026,January,January-2026,NULL
Italy,ITA,2026,January,January-2026,NULL
Japan,JPN,2026,January,January-2026,NULL
Mexico,MEX,2026,January,January-2026,NULL
Myanmar,MMR,2026,January,January-2026,NULL
Pakistan,PAK,2026,January,January-2026,NULL
Philippines,PHL,2026,January,January-2026,NULL
Poland,POL,2026,January,January-2026,NULL
Russia,RUS,2026,January,January-2026,NULL
"South Africa",ZAF,2026,January,January-2026,NULL
"South Korea",KOR,2026,January,January-2026,NULL
Spain,ESP,2026,January,January-2026,NULL
Turkey,TUR,2026,January,January-2026,NULL
"United States",USA,2026,January,January-2026,NULL
Vietnam,VNM,2026,January,January-2026,NULL
"United Kingdom",GBR,2026,January,January-2026,NULL
Argentina,ARG,2027,January,January-2027,NULL
Australia,AUS,2027,January,January-2027,NULL
Brazil,BRA,2027,January,January-2027,NULL
Canada,CAN,2027,January,January-2027,NULL
China,CHN,2027,January,January-2027,NULL
France,FRA,2027,January,January-2027,NULL
Germany,DEU,2027,January,January-2027,NULL
India,IND,2027,January,January-2027,NULL
Indonesia,IDN,2027,January,January-2027,NULL
Iran,IRN,2027,January,January-2027,NULL
Italy,ITA,2027,January,January-2027,NULL
Japan,JPN,2027,January,January-2027,NULL
Mexico,MEX,2027,January,January-2027,NULL
Myanmar,MMR,2027,January,January-2027,NULL
Pakistan,PAK,2027,January,January-2027,NULL
Philippines,PHL,2027,January,January-2027,NULL
Poland,POL,2027,January,January-2027,NULL
Russia,RUS,2027,January,January-2027,NULL
"South Africa",ZAF,2027,January,January-2027,NULL
"South Korea",KOR,2027,January,January-2027,NULL
Spain,ESP,2027,January,January-2027,NULL
Turkey,TUR,2027,January,January-2027,NULL
"United States",USA,2027,January,January-2027,NULL
Vietnam,VNM,2027,January,January-2027,NULL
"United Kingdom",GBR,2027,January,January-2027,NULL
Argentina,ARG,2028,January,January-2028,NULL
Australia,AUS,2028,January,January-2028,NULL
Brazil,BRA,2028,January,January-2028,NULL
Canada,CAN,2028,January,January-2028,NULL
China,CHN,2028,January,January-2028,NULL
France,FRA,2028,January,January-2028,NULL
Germany,DEU,2028,January,January-2028,NULL
India,IND,2028,January,January-2028,NULL
Indonesia,IDN,2028,January,January-2028,NULL
Iran,IRN,2028,January,January-2028,NULL
Italy,ITA,2028,January,January-2028,NULL
Japan,JPN,2028,January,January-2028,NULL
Mexico,MEX,2028,January,January-2028,NULL
Myanmar,MMR,2028,January,January-2028,NULL
Pakistan,PAK,2028,January,January-2028,NULL
Philippines,PHL,2028,January,January-2028,NULL
Poland,POL,2028,January,January-2028,NULL
Russia,RUS,2028,January,January-2028,NULL
"South Africa",ZAF,2028,January,January-2028,NULL
"South Korea",KOR,2028,January,January-2028,NULL
Spain,ESP,2028,January,January-2028,NULL
Turkey,TUR,2028,January,January-2028,NULL
"United States",USA,2028,January,January-2028,NULL
Vietnam,VNM,2028,January,January-2028,NULL
"United Kingdom",GBR,2028,January,January-2028,NULL
Argentina,ARG,2029,January,January-2029,NULL
Australia,AUS,2029,January,January-2029,NULL
Brazil,BRA,2029,January,January-2029,NULL
Canada,CAN,2029,January,January-2029,NULL
China,CHN,2029,January,January-2029,NULL
France,FRA,2029,January,January-2029,NULL
Germany,DEU,2029,January,January-2029,NULL
India,IND,2029,January,January-2029,NULL
Indonesia,IDN,2029,January,January-2029,NULL
Iran,IRN,2029,January,January-2029,NULL
Italy,ITA,2029,January,January-2029,NULL
Japan,JPN,2029,January,January-2029,NULL
Mexico,MEX,2029,January,January-2029,NULL
Myanmar,MMR,2029,January,January-2029,NULL
Pakistan,PAK,2029,January,January-2029,NULL
Philippines,PHL,2029,January,January-2029,NULL
Poland,POL,2029,January,January-2029,NULL
Russia,RUS,2029,January,January-2029,NULL
"South Africa",ZAF,2029,January,January-2029,NULL
"South Korea",KOR,2029,January,January-2029,NULL
Spain,ESP,2029,January,January-2029,NULL
Turkey,TUR,2029,January,January-2029,NULL
"United States",USA,2029,January,January-2029,NULL
Vietnam,VNM,2029,January,January-2029,NULL
"United Kingdom",GBR,2029,January,January-2029,NULL
Argentina,ARG,2030,January,January-2030,NULL
Australia,AUS,2030,January,January-2030,NULL
Brazil,BRA,2030,January,January-2030,NULL
Canada,CAN,2030,January,January-2030,NULL
China,CHN,2030,January,January-2030,NULL
France,FRA,2030,January,January-2030,NULL
Germany,DEU,2030,January,January-2030,NULL
India,IND,2030,January,January-2030,NULL
Indonesia,IDN,2030,January,January-2030,NULL
Iran,IRN,2030,January,January-2030,NULL
Italy,ITA,2030,January,January-2030,NULL
Japan,JPN,2030,January,January-2030,NULL
Mexico,MEX,2030,January,January-2030,NULL
Myanmar,MMR,2030,January,January-2030,NULL
Pakistan,PAK,2030,January,January-2030,NULL
Philippines,PHL,2030,January,January-2030,NULL
Poland,POL,2030,January,January-2030,NULL
Russia,RUS,2030,January,January-2030,NULL
"South Africa",ZAF,2030,January,January-2030,NULL
"South Korea",KOR,2030,January,January-2030,NULL
Spain,ESP,2030,January,January-2030,NULL
Turkey,TUR,2030,January,January-2030,NULL
"United States",USA,2030,January,January-2030,NULL
Vietnam,VNM,2030,January,January-2030,NULL
"United Kingdom",GBR,2030,January,January-2030,NULL
